{
  "mean": [
    24340.747442626955,
    17.668599989414215,
    0.6528152506798506,
    63.8875
  ],
  "scale": [
    12814.375952894685,
    9.029684801771012,
    0.14597039557706423,
    34.091345584326845
  ]
}